{
    "macro-f1": 0.45404575295639255,
    "weighted-f1": 0.8158904185382507,
    "no emotion-precision": 0.8900836320191159,
    "no emotion-recall": 0.8911483253588517,
    "no emotion-f1": 0.8906156604901375,
    "anger-precision": 0.4166666666666667,
    "anger-recall": 0.35714285714285715,
    "anger-f1": 0.38461538461538464,
    "disgust-precision": 0.0,
    "disgust-recall": 0.0,
    "disgust-f1": 0.0,
    "fear-precision": 1.0,
    "fear-recall": 0.5,
    "fear-f1": 0.6666666666666666,
    "happiness-precision": 0.5460526315789473,
    "happiness-recall": 0.5724137931034483,
    "happiness-f1": 0.5589225589225589,
    "sadness-precision": 0.25,
    "sadness-recall": 0.23076923076923078,
    "sadness-f1": 0.24,
    "surprise-precision": 0.4117647058823529,
    "surprise-recall": 0.4666666666666667,
    "surprise-f1": 0.4375
}