{
    "macro-f1": 0.4427960649010503,
    "weighted-f1": 0.9254958735987315,
    "neutral-precision": 0.9672873678912934,
    "neutral-recall": 0.9454008853910477,
    "neutral-f1": 0.9562189054726368,
    "fearful-precision": 0.16666666666666666,
    "fearful-recall": 0.25,
    "fearful-f1": 0.2,
    "dissatisfied-precision": 0.22727272727272727,
    "dissatisfied-recall": 0.2,
    "dissatisfied-f1": 0.2127659574468085,
    "apologetic-precision": 0.42105263157894735,
    "apologetic-recall": 0.42105263157894735,
    "apologetic-f1": 0.42105263157894735,
    "abusive-precision": 0.0,
    "abusive-recall": 0.0,
    "abusive-f1": 0.0,
    "excited-precision": 0.0,
    "excited-recall": 0.0,
    "excited-f1": 0.0,
    "satisfied-precision": 0.823045267489712,
    "satisfied-recall": 0.9153318077803204,
    "satisfied-f1": 0.866738894907909
}